emp_id,name,shift_type,has_voted,last_vote_time
G9745,王利哲,2000,0,
F3262,黃翊帨,2000,0,
D1442,趙祥富,2000,1,2026-05-18 11:59:46
F9150,林建良,2000,0,
F9358,邱柏瑜,2000,0,
K05725,林明佑,2000,0,
K06252,郭任羣,2000,0,
K16845,黃郁文,2000,0,
K16943,許銘傑,2000,0,
F1908,黃正吉,2000,1,2026-05-18 11:17:29
F9893,周彥良,2000,0,
G9493,劉振甫,2000,0,
K02474,成銘,2000,1,2026-05-13 09:07:48
K03987,蔡宗佑,2000,1,2026-05-13 13:14:14
K19041,繆中明,2000,1,2026-05-15 13:31:04
K07541,李若鵬,2000,1,2026-05-11 08:17:07
K18251,詹睿穎,2000,1,2026-05-11 11:34:32
K22920,蔣杰軒,2000,1,2026-05-12 08:07:24
K25579,張丞剴,2000,1,2026-05-12 08:02:59
K19150,楊承冀,2000,1,2026-05-14 12:28:03
K25089,鄭志庸,3000,1,2026-05-12 07:37:00
K25090,陳萓菲,3000,1,2026-05-12 07:53:28
K25091,李建勳,3000,0,
K25131,張宸旋,3000,0,
K25132,王靖嘉,3000,1,2026-05-11 07:58:31
K25386,邱泓叡,3000,1,2026-05-23 15:36:26
C9228,王柏翰,2000,1,2026-05-13 11:32:20
F2568,林治辰,2000,1,2026-05-14 07:01:04
29711,陳源德,3000,1,2026-05-12 07:49:26
B2779,吳凱瑋,3000,0,
C2879,王喬瑋,3000,1,2026-05-16 05:30:29
C6708,楊萬豐,3000,1,2026-05-15 08:59:40
C8849,林郁祥,3000,1,2026-05-12 02:08:44
D1409,盧昱仁,3000,1,2026-05-15 22:27:48
D2657,張明詩,3000,1,2026-05-14 12:23:21
D8977,陳彥名,3000,0,
F1350,黃慕生,3000,0,
F2567,陳榮富,3000,1,2026-05-18 08:43:25
F6354,陳俊彥,3000,0,
F8129,許育誌,3000,1,2026-05-10 01:45:54
F8942,黃建倫,3000,0,
F8950,黃偉利,3000,1,2026-05-13 09:36:01
F9144,張誌中,3000,0,
F9473,江政樺,3000,0,
G0181,吳培銘,3000,1,2026-05-16 01:29:09
G1530,韓俊傑,3000,0,
G2705,廖格徹,3000,1,2026-05-13 21:29:32
G4535,陳思維,3000,0,
G6777,高敬評,3000,1,2026-05-15 03:49:55
G7083,吳和諺,3000,0,
K03007,洪秦閔,3000,1,2026-05-12 08:12:06
K12601,潘御齊,3000,1,2026-05-11 08:02:13
K12889,蔡博旭,3000,1,2026-05-17 13:41:03
K12931,伊鴻傑,3000,1,2026-05-18 00:33:05
K13985,黃弘儒,3000,0,
K14001,巫宇穎,3000,1,2026-05-16 06:42:35
K14093,崔淵翔,3000,0,
K15682,郭育維,3000,0,
K15793,謝秉福,3000,0,
K16514,翁碩成,3000,0,
K16639,施文旌,3000,0,
K17184,林農程,3000,1,2026-05-12 05:22:45
K22214,王健羽,3000,0,
K25715,洪偉展,3000,1,2026-05-15 13:09:57
K25992,賴劭恆,3000,1,2026-05-19 11:42:28
K26490,賴俞達,3000,1,2026-05-13 11:48:48
K26647,張雍康,2000,1,2026-05-18 08:12:48
K18736,張彥夫,3000,0,
K18750,黃義善,3000,0,
K18791,許鈺瑋,3000,0,
K19035,徐維佑,3000,1,2026-05-13 22:52:50
K19148,洪柏安,3000,1,2026-05-12 04:02:06
K21240,成必展,3000,0,
K21295,陳瑞寶,3000,0,
K21311,鄭元益,3000,1,2026-05-12 16:41:47
K21388,丁聖旻,3000,0,
K21423,周韋丞,3000,1,2026-05-10 01:01:18
K21738,蘇柏源,3000,1,2026-05-16 15:21:39
K22427,蕭仁豪,3000,0,
K22505,潘彥彤,3000,1,2026-05-13 02:03:11
K25578,梁凱葳,3000,0,
K26285,邱立承,3000,0,
K26287,吳俊耀,3000,0,
K26288,林冠何,3000,0,
K26491,林軒羽,3000,1,2026-05-13 20:25:59
K26641,高偉豪,2000,1,2026-05-15 13:27:34
K25092,鍾宛芩,3000,0,
K25130,黃育暉,3000,1,2026-05-12 14:18:45
K26880,許修宇,2000,1,2026-05-15 09:17:56
K26881,譚富源,2000,0,
K26882,劉彥辰,2000,0,
K27124,張永杰,2000,0,
K27125,莊坤霖,2000,0,
